-- add product_type

insert into product_type (id, name) values (1, 'Rượu Mạnh');
insert into product_type (id, name) values (2, 'Rượu Pha Chế');
insert into product_type (id, name) values (3, 'Rượu Vang');

-- add product

insert into product (id, discount, image, is_delete, manufacturer, `name`, price, product_type_id) values (1, 5, 'https://ruoungoaihaigiacat.com/wp-content/uploads/2022/02/Ruou-Angostura-Aromatic-Bitters.jpg', 0, 'Trinidad', 'Rượu Angostura Aromatic Bitters', '360000', 1);
insert into product (id, discount, image, is_delete, manufacturer, `name`, price, product_type_id) values (2, 5, 'https://ruoungoaihaigiacat.com/wp-content/uploads/2022/02/ruou-bols-amaretto-1.jpg', 0, 'Hà Lan', 'Rượu Bols Amaretto', '280000', 1);
insert into product (id, discount, image, is_delete, manufacturer, `name`, price, product_type_id) values (3, 10, 'https://ruoungoaihaigiacat.com/wp-content/uploads/2022/02/ruou-beefeater-gin-da-nang.jpg', 0, 'Anh', 'Rượu Bols Amaretto', '350000', 1);
insert into product (id, discount, image, is_delete, manufacturer, `name`, price, product_type_id) values (4, 15, 'https://ruoungoaihaigiacat.com/wp-content/uploads/2022/02/ruou-bols-blue-curacao.jpg', 0, 'Hà Lan', 'Rượu Bols Blue Curacao', '280000', 1);
insert into product (id, discount, image, is_delete, manufacturer, `name`, price, product_type_id) values (5, 10, 'https://ruoungoaihaigiacat.com/wp-content/uploads/2022/02/ruou-bols-dry-orange.jpg', 0, 'Hà Lan', 'Rượu Bols Dry Orange Curacao', '280000', 1);
insert into product (id, discount, image, is_delete, manufacturer, `name`, price, product_type_id) values (6, 10, 'https://ruoungoaihaigiacat.com/wp-content/uploads/2022/02/Ruou-Bols-Creme-De-Cassis.jpg', 0, 'Hà Lan', 'Rượu Bols Creme De Cassis', '280000', 1);
insert into product (id, discount, image, is_delete, manufacturer, `name`, price, product_type_id) values (7, 10, 'https://ruoungoaihaigiacat.com/wp-content/uploads/2022/02/Ruou-Aperol-1lit.jpg', 0, 'Hà Lan', 'Rượu Aperol 1lit', '440000', 1);
insert into product (id, discount, image, is_delete, manufacturer, `name`, price, product_type_id) values (8, 10, 'https://ruoungoaihaigiacat.com/wp-content/uploads/2022/10/ruou-black-nikka-special.jpg', 0, 'Nikka', 'Rượu Black Nikka Special', '480000', 1);
insert into product (id, discount, image, is_delete, manufacturer, `name`, price, product_type_id) values (9, 10, 'https://ruoungoaihaigiacat.com/wp-content/uploads/2022/02/Ruou-Big-Peat-Original.jpg', 0, 'Nikka', 'Rượu Big Peat Original', '1760000', 1);
insert into product (id, discount, image, is_delete, manufacturer, `name`, price, product_type_id) values (10, 5, 'https://ruoungoaihaigiacat.com/wp-content/uploads/2022/02/ruou-balvenie-17-nam.jpg', 0, 'Scotland', 'Rượu Balvenie 17 năm ', '1960000', 1);
insert into product (id, discount, image, is_delete, manufacturer, `name`, price, product_type_id) values (11, 5, 'https://ruoungoaihaigiacat.com/wp-content/uploads/2022/02/ruou-balvenie-17-nam.jpg', 0, 'Scotland', 'Rượu Balvenie 17 năm ', '1960000', 1);
insert into product (id, discount, image, is_delete, manufacturer, `name`, price, product_type_id) values (12, 5, 'https://ruoungoaihaigiacat.com/wp-content/uploads/2022/02/ruou-balvenie-17-nam.jpg', 0, 'Scotland', 'Rượu Balvenie 17 năm ', '1960000', 1);
insert into product (id, discount, image, is_delete, manufacturer, `name`, price, product_type_id) values (17, 5, 'https://ruoungoaihaigiacat.com/wp-content/uploads/2022/02/ruou-beefeater-gin-da-nang.jpg', 0, 'Anh', 'RƯỢU BEEFEATER GIN', '360000', 2);
insert into product (id, discount, image, is_delete, manufacturer, `name`, price, product_type_id) values (18, 5, 'https://ruoungoaihaigiacat.com/wp-content/uploads/2022/05/ruou-absinthe-green-tree-fairy.jpg', 0, 'Czech', 'Rượu Absinthe Green Tree Fairy', '360000', 2);
insert into product (id, discount, image, is_delete, manufacturer, `name`, price, product_type_id) values (19, 5, 'https://ruoungoaihaigiacat.com/wp-content/uploads/2022/02/ruou-bombay-sapphire-gin-da-nang.jpg', 0, 'Anh', 'Rượu Bombay Sapphire Gin', '360000', 2);
insert into product (id, discount, image, is_delete, manufacturer, `name`, price, product_type_id) values (20, 5, 'https://ruoungoaihaigiacat.com/wp-content/uploads/2022/02/ruou-captain-morgan-dark-rum.jpg', 0, 'Jamaica', 'Rượu Captain Morgan Dark Rum', '300000', 2);
insert into product (id, discount, image, is_delete, manufacturer, `name`, price, product_type_id) values (21, 5, 'https://ruoungoaihaigiacat.com/wp-content/uploads/2022/02/Ruou-Dolin-Vermouth-de-Chambery-Rouge.jpg', 0, 'Pháp', 'Rượu Dolin Vermouth de Chambery Rouge', '300000', 2);
insert into product (id, discount, image, is_delete, manufacturer, `name`, price, product_type_id) values (22, 5, 'https://ruoungoaihaigiacat.com/wp-content/uploads/2022/12/ruou-bitter-chocolate-fee-brothers.jpg', 0, 'Pháp', 'Rượu Fee Brothers Aztec Chocolate Bitters', '300000', 2);
insert into product (id, discount, image, is_delete, manufacturer, `name`, price, product_type_id) values (23, 5, 'https://ruoungoaihaigiacat.com/wp-content/uploads/2022/02/ruou-champagne-moet-chandon-brut.jpg', 0, 'Pháp', 'Rượu Champagne Moet & Chandon Brut (trắng)', '1200000', 3);
insert into product (id, discount, image, is_delete, manufacturer, `name`, price, product_type_id) values (24, 5, 'https://ruoungoaihaigiacat.com/wp-content/uploads/2022/02/ruou-champagne-moet-chandon-rose-imperial.jpg', 0, 'Pháp', 'Rượu Champagne Moet & Chandon Rose', '1800000', 3);
insert into product (id, discount, image, is_delete, manufacturer, `name`, price, product_type_id) values (25, 5, 'https://ruoungoaihaigiacat.com/wp-content/uploads/2022/02/ruou-sam-banh-nga-9-dong-tien-do.jpg', 0, 'Pháp', 'Rượu Sâm Banh Nga 9 đồng tiền đỏ', '150000', 3);
insert into product (id, discount, image, is_delete, manufacturer, `name`, price, product_type_id) values (26, 5, 'https://ruoungoaihaigiacat.com/wp-content/uploads/2022/11/ruou-vang-1865-master-blend.jpg', 0, 'Chile', 'Rượu Vang Đỏ Chile 1865 Master Blend', '1600000', 3);
insert into product (id, discount, image, is_delete, manufacturer, `name`, price, product_type_id) values (27, 5, 'https://ruoungoaihaigiacat.com/wp-content/uploads/2022/02/ruou-vang-do-allan-scott-Pinot-noir.jpg', 0, 'New Zealand', 'Rượu Vang Đỏ New Zealand Allan Scott', '670000', 3);
insert into product (id, discount, image, is_delete, manufacturer, `name`, price, product_type_id) values (28, 5, 'https://ruoungoaihaigiacat.com/wp-content/uploads/2022/02/Ruou-Vang-Do-Bordeaux-Dauzac.jpg', 0, 'Pháp', 'Rượu Vang Đỏ Pháp Aurore De Dauzac', '1020000', 3);
insert into product (id, discount, image, is_delete, manufacturer, `name`, price, product_type_id) values (29, 5, 'https://ruoungoaihaigiacat.com/wp-content/uploads/2022/02/Ruou-Vang-do-La-Fiole-Du-Pape.jpg', 0, 'Pháp', 'Rượu Vang Đỏ Pháp La Fiole Du Pape – Vang Vẹo', '1200000', 3);
insert into product (id, discount, image, is_delete, manufacturer, `name`, price, product_type_id) values (30, 5, 'https://ruoungoaihaigiacat.com/wp-content/uploads/2022/02/ruou-vang-40-quaranta-appassimento-tai-hai-gia-cat.jpg', 0, 'Ý', 'Rượu Vang Đỏ Ý 40 Quaranta Nhãn đỏ', '750000', 3);
insert into product (id, discount, image, is_delete, manufacturer, `name`, price, product_type_id) values (31, 5, 'https://ruoungoaihaigiacat.com/wp-content/uploads/2022/02/Ruou-Vang-Do-Y-F.jpg', 0, 'Ý', 'Rượu Vang Đỏ Ý F Negroamaro', '980000', 3);
insert into product (id, discount, image, is_delete, manufacturer, `name`, price, product_type_id) values (32, 5, 'https://ruoungoaihaigiacat.com/wp-content/uploads/2022/04/ruou-vang-ca-chep-in-out-collefrisio-tai-hai-gia-cat.jpg', 0, 'Ý', 'Rượu Vang Đỏ Ý In & Out Collefrisio – Vang Cá Chép', '1750000', 3);
insert into product (id, discount, image, is_delete, manufacturer, `name`, price, product_type_id) values (15, 5, 'https://ruoungoaihaigiacat.com/wp-content/uploads/2022/02/ruou-tequila-don-julio-blanco.jpg', 0, 'Mexico', 'Rượu Tequila Don Julio Blanco', '1350000', 2);
insert into product (id, discount, image, is_delete, manufacturer, `name`, price, product_type_id) values (16, 5, 'https://ruoungoaihaigiacat.com/wp-content/uploads/2022/09/ruou-song-cai-rose-myrtle-gin.jpg', 0, 'Việt Nam', 'Rượu Sông Cái Rose Myrtle Gin', '1200000', 2);
insert into product (id, discount, image, is_delete, manufacturer, `name`, price, product_type_id) values (13, 5, 'https://ruoungoaihaigiacat.com/wp-content/uploads/2022/11/ruou-baileys-strawberries-cream-tai-hai-gia-cat.jpg', 0, 'Ireland', 'Rượu Sữa Baileys Strawberries Cream', '440000', 2);
insert into product (id, discount, image, is_delete, manufacturer, `name`, price, product_type_id) values (14, 5, 'https://ruoungoaihaigiacat.com/wp-content/uploads/2022/10/jose-cuervo-limited-edition-tequila.jpg', 0, 'Việt Nam', 'Rượu Tequila Jose Cuervo Limited Edition', '530000', 2);
insert into product (id, discount, image, is_delete, manufacturer, `name`, price, product_type_id) values (33, 5, 'https://ruoungoaihaigiacat.com/wp-content/uploads/2022/02/ruou-tanqueray-no-ten-da-nang.jpg', 0, 'Scotland', 'RƯỢU TANQUERAY NO TEN', '980000', 2);
insert into product (id, discount, image, is_delete, manufacturer, `name`, price, product_type_id) values (34, 5, 'https://ruoungoaihaigiacat.com/wp-content/uploads/2022/02/ruou-tequila-reserva-1800-coconut-da-nang.png', 0, 'Mexico', 'RƯỢU TANQUERAY NO TEN', '980000', 2);
insert into product (id, discount, image, is_delete, manufacturer, `name`, price, product_type_id) values (35, 5, 'https://ruoungoaihaigiacat.com/wp-content/uploads/2022/02/ruou-tequila-sauza-gold-tai-hai-gia-cat.jpg', 0, 'Mexico', 'Rượu Tequila Sauza Gold', '440000', 2);
insert into product (id, discount, image, is_delete, manufacturer, `name`, price, product_type_id) values (36, 5, 'https://ruoungoaihaigiacat.com/wp-content/uploads/2022/02/Ruou-Whitley-Neill-Original-Handcrafted-Gin.jpg', 0, 'Mexico', 'Rượu Whitley Neill Original Handcrafted Gin', '950000', 2);
insert into product (id, discount, image, is_delete, manufacturer, `name`, price, product_type_id) values (37, 5, 'https://ruoungoaihaigiacat.com/wp-content/uploads/2022/02/Ruou-Whitley-Neill-Raspberry-Gin.jpg', 0, 'Mexico', 'Rượu Whitley Neill Raspberry Gin', '950000', 2);
insert into product (id, discount, image, is_delete, manufacturer, `name`, price, product_type_id) values (38, 5, 'https://ruoungoaihaigiacat.com/wp-content/uploads/2022/04/Ruou-Vang-Hong-Phap-Gerard-Bertrand-Cote-Des-Roses.jpg', 0, 'Languedoc', 'Rượu Vang Hồng Pháp Cote Des Roses', '590000', 3);
insert into product (id, discount, image, is_delete, manufacturer, `name`, price, product_type_id) values (39, 5, 'https://ruoungoaihaigiacat.com/wp-content/uploads/2022/04/Ruou-Vang-Hong-Phap-Le-Petit-Cochonnet-Grenache.jpg', 0, 'Languedoc', 'Rượu Vang Hồng Pháp Le Petit Cochonnet Grenache', '350000', 3);
insert into product (id, discount, image, is_delete, manufacturer, `name`, price, product_type_id) values (40, 5, 'https://ruoungoaihaigiacat.com/wp-content/uploads/2022/02/Ruou-Vang-No-Tay-Ban-Nha-Fogoso.jpg', 0, 'Tây Ban Nha', 'Rươu Vang Nổ Tây Ban Nha Fogoso', '390000', 3);


-- add bill_type

insert into bill_type (id, name_bill) values (1, 'Hoá Đơn Nhập');
insert into bill_type (id, name_bill) values (2, 'Hoá Đơn Xuất');

-- add bill

insert into bill (id, create_date, is_delete, quantity, bill_type_id) values (1, '20/10/2019', 0, 100, 1);
insert into bill (id, create_date, is_delete, quantity, bill_type_id) values (2, '20/10/2019', 0, 100, 2);
insert into bill (id, create_date, is_delete, quantity, bill_type_id) values (3, '20/10/2019', 0, 100, 1);
insert into bill (id, create_date, is_delete, quantity, bill_type_id) values (4, '20/10/2019', 0, 100, 1);
insert into bill (id, create_date, is_delete, quantity, bill_type_id) values (5, '20/10/2019', 0, 100, 1);
insert into bill (id, create_date, is_delete, quantity, bill_type_id) values (6, '20/10/2019', 0, 100, 1);
insert into bill (id, create_date, is_delete, quantity, bill_type_id) values (7, '20/10/2019', 0, 100, 1);
insert into bill (id, create_date, is_delete, quantity, bill_type_id) values (8, '20/10/2019', 0, 100, 1);
insert into bill (id, create_date, is_delete, quantity, bill_type_id) values (9, '21/10/2019', 0, 100, 1);
insert into bill (id, create_date, is_delete, quantity, bill_type_id) values (10, '22/10/2019', 0, 100, 2);
insert into bill (id, create_date, is_delete, quantity, bill_type_id) values (11, '23/10/2019', 0, 100, 1);
insert into bill (id, create_date, is_delete, quantity, bill_type_id) values (12, '24/10/2019', 0, 100, 2);
insert into bill (id, create_date, is_delete, quantity, bill_type_id) values (13, '25/10/2019', 0, 100, 1);
insert into bill (id, create_date, is_delete, quantity, bill_type_id) values (14, '26/10/2019', 0, 100, 2);
insert into bill (id, create_date, is_delete, quantity, bill_type_id) values (15, '27/10/2019', 0, 100, 1);
insert into bill (id, create_date, is_delete, quantity, bill_type_id) values (16, '28/10/2019', 0, 100, 2);
insert into bill (id, create_date, is_delete, quantity, bill_type_id) values (17, '29/10/2019', 0, 100, 1);
insert into bill (id, create_date, is_delete, quantity, bill_type_id) values (18, '30/10/2019', 0, 100, 2);
insert into bill (id, create_date, is_delete, quantity, bill_type_id) values (19, '20/11/2019', 0, 100, 1);
insert into bill (id, create_date, is_delete, quantity, bill_type_id) values (20, '20/12/2019', 0, 100, 2);
insert into bill (id, create_date, is_delete, quantity, bill_type_id) values (21, '20/1/2019', 0, 100, 1);
insert into bill (id, create_date, is_delete, quantity, bill_type_id) values (22, '20/03/2019', 0, 100, 2);
insert into bill (id, create_date, is_delete, quantity, bill_type_id) values (23, '20/02/2019', 0, 100, 1);
insert into bill (id, create_date, is_delete, quantity, bill_type_id) values (24, '20/01/2019', 0, 100, 2);
insert into bill (id, create_date, is_delete, quantity, bill_type_id) values (25, '20/10/2020', 0, 100, 1);
insert into bill (id, create_date, is_delete, quantity, bill_type_id) values (26, '20/10/2021', 0, 100, 2);
insert into bill (id, create_date, is_delete, quantity, bill_type_id) values (27, '20/10/2020', 0, 100, 1);
insert into bill (id, create_date, is_delete, quantity, bill_type_id) values (28, '20/10/2020', 0, 100, 2);
insert into bill (id, create_date, is_delete, quantity, bill_type_id) values (29, '20/10/2021', 0, 100, 1);
insert into bill (id, create_date, is_delete, quantity, bill_type_id) values (30, '20/10/2022', 0, 100, 2);


-- add order detail

insert into order_detail (id, date_payment, is_delete, quantity, bill_id, product_id) values (1, '20/10/2019', 0, 100, 1, 1);
insert into order_detail (id, date_payment, is_delete, quantity, bill_id, product_id) values (2, '20/10/2020', 0, 100, 1, 1);
insert into order_detail (id, date_payment, is_delete, quantity, bill_id, product_id) values (3, '20/10/2020', 0, 100, 1, 1);
insert into order_detail (id, date_payment, is_delete, quantity, bill_id, product_id) values (4, '20/10/2019', 0, 100, 1, 1);
insert into order_detail (id, date_payment, is_delete, quantity, bill_id, product_id) values (5, '20/10/2021', 0, 100, 1, 1);
insert into order_detail (id, date_payment, is_delete, quantity, bill_id, product_id) values (6, '20/10/2021', 0, 100, 1, 1);
insert into order_detail (id, date_payment, is_delete, quantity, bill_id, product_id) values (7, '20/10/2020', 0, 100, 1, 1);
insert into order_detail (id, date_payment, is_delete, quantity, bill_id, product_id) values (8, '20/10/2020', 0, 100, 1, 1);
insert into order_detail (id, date_payment, is_delete, quantity, bill_id, product_id) values (9, '20/10/2019', 0, 100, 1, 1);
insert into order_detail (id, date_payment, is_delete, quantity, bill_id, product_id) values (10, '20/11/2019', 0, 100, 1, 1);
insert into order_detail (id, date_payment, is_delete, quantity, bill_id, product_id) values (11, '29/11/2019', 0, 100, 1, 1);
insert into order_detail (id, date_payment, is_delete, quantity, bill_id, product_id) values (12, '29/12/2019', 0, 100, 1, 1);
insert into order_detail (id, date_payment, is_delete, quantity, bill_id, product_id) values (13, '24/12/2019', 0, 100, 1, 1);
insert into order_detail (id, date_payment, is_delete, quantity, bill_id, product_id) values (14, '24/1/2019', 0, 100, 1, 1);
insert into order_detail (id, date_payment, is_delete, quantity, bill_id, product_id) values (15, '9/1/2019', 0, 100, 1, 1);
insert into order_detail (id, date_payment, is_delete, quantity, bill_id, product_id) values (16, '9/2/2019', 0, 100, 1, 1);
insert into order_detail (id, date_payment, is_delete, quantity, bill_id, product_id) values (17, '11/2/2019', 0, 100, 1, 1);
insert into order_detail (id, date_payment, is_delete, quantity, bill_id, product_id) values (18, '11/3/2019', 0, 100, 1, 1);
insert into order_detail (id, date_payment, is_delete, quantity, bill_id, product_id) values (19, '14/3/2019', 0, 100, 1, 1);
insert into order_detail (id, date_payment, is_delete, quantity, bill_id, product_id) values (20, '14/4/2019', 0, 100, 1, 1);
insert into order_detail (id, date_payment, is_delete, quantity, bill_id, product_id) values (21, '15/4/2019', 0, 100, 1, 1);
insert into order_detail (id, date_payment, is_delete, quantity, bill_id, product_id) values (22, '15/5/2019', 0, 100, 1, 1);
insert into order_detail (id, date_payment, is_delete, quantity, bill_id, product_id) values (23, '16/5/2019', 0, 100, 1, 1);
insert into order_detail (id, date_payment, is_delete, quantity, bill_id, product_id) values (24, '16/6/2019', 0, 100, 1, 1);
insert into order_detail (id, date_payment, is_delete, quantity, bill_id, product_id) values (25, '17/6/2019', 0, 100, 1, 1);
insert into order_detail (id, date_payment, is_delete, quantity, bill_id, product_id) values (26, '17/7/2019', 0, 100, 1, 1);
insert into order_detail (id, date_payment, is_delete, quantity, bill_id, product_id) values (27, '18/7/2019', 0, 100, 1, 1);
insert into order_detail (id, date_payment, is_delete, quantity, bill_id, product_id) values (28, '18/8/2019', 0, 100, 1, 1);
insert into order_detail (id, date_payment, is_delete, quantity, bill_id, product_id) values (29, '19/8/2019', 0, 100, 1, 1);
insert into order_detail (id, date_payment, is_delete, quantity, bill_id, product_id) values (30, '19/9/2019', 0, 100, 1, 1);


-- add customer
 insert into customer (id, address, day_of_birth, email, gender, id_card, is_delete, name, phone_number) values (1, 'Ngô Quyền, Thọ Quang, Sơn Trà, Đà Nẵng', 20/11/1997, 'daiphanphuoc@gmail.com', 1, '201710111', 0, 'Phan Phước Đại', '0935500444');
insert into customer (id, address, day_of_birth, email, gender, id_card, is_delete, name, phone_number) values (2, '567 Điện Biên Phủ, Thọ Quang, Sơn Trà, Đà Nẵng', 20/11/1997, 'trangtran222@gmail.com', 1, '221710111', 0, 'Trần Thị Đài Trang', '0779555235');
insert into customer (id, address, day_of_birth, email, gender, id_card, is_delete, name, phone_number) values (3, 'k79/40 Dũng Sỹ Thanh Khê, Thanh Khê Tây, Thanh Khê, Đà Nẵng', 01/04/1996, 'vyTTT@gmail.com', 0, '201710111', 0, ' Trần Thị Thuý Vy', '0935023757');
insert into customer (id, address, day_of_birth, email, gender, id_card, is_delete, name, phone_number) values (4, '555 Nguyễn Phan Vinh, Thọ Quang, Sơn Trà, Đà Nẵng', 20/11/1997, 'ledailoi@gmail.com', 1, '201710953', 0, 'Lê Đại Lợi', '0935509474');
insert into customer (id, address, day_of_birth, email, gender, id_card, is_delete, name, phone_number) values (5, 'Lô 11A KDC FPT, Thọ Quang, Sơn Trà, Đà Nẵng', 20/11/1998, 'tutran@gmail.com', 1, '202010111', 0, 'Trần Thị Tứ', '0779500444');
insert into customer (id, address, day_of_birth, email, gender, id_card, is_delete, name, phone_number) values (6, '99 Nguyễn Văn Nguyễn, Thọ Quang, Sơn Trà, Quảng Nam', 20/11/1997, 'baotrannguyen@gmail.com', 1, '201910111', 0, 'Nguyễn Trần Bảo Trân', '0935500888');
insert into customer (id, address, day_of_birth, email, gender, id_card, is_delete, name, phone_number) values (7, '022 Ngô Quyền, Thọ Quang, Sơn Trà, Cam Ranh', 20/11/1989, 'chanhtran@gmail.com', 1, '201719111', 0, 'Trần Văn Chánh', '0779500444');
insert into customer (id, address, day_of_birth, email, gender, id_card, is_delete, name, phone_number) values (8, 'Lô 666 KĐT Nam Hải Vân, Lăng Cô, Xứ Huế', 20/11/2003, 'hatranthithu@gmail.com', 1, '201710221', 0, 'Trần Thị Thu Hà', '0999500444');
insert into customer (id, address, day_of_birth, email, gender, id_card, is_delete, name, phone_number) values (9, '222 Ngô Quyền, Văn Đồn, Sơn Trà, Hải Phòng', 20/11/1997, 'trungnguyen222@gmail.com', 1, '201710111', 0, 'Nguyễn Tấn Trung', '0935520444');
insert into customer (id, address, day_of_birth, email, gender, id_card, is_delete, name, phone_number) values (10, '2 Ngô Quyền, Thọ Quang, Sơn Trà, Bà Rịa Vũng Tàu', 20/11/1997, 'quangnguyen@gmail.com', 1, '2017101211', 0, 'Nguyễn Ngọc Quang', '0935520444');
insert into customer (id, address, day_of_birth, email, gender, id_card, is_delete, name, phone_number) values (11, '112 Nguyễn Sáng, Thọ Quang, Sơn Trà, Đà Nẵng', 20/11/1990, 'nhungnguyen@gmail.com', 1, '201711111', 0, 'Nhung Nguyễn', '0935500444');
insert into customer (id, address, day_of_birth, email, gender, id_card, is_delete, name, phone_number) values (12, '122 Lê Đại Hành, Thọ Quang, Sơn Trà, Đà Nẵng', 20/11/1985, 'trungdp@gmail.com', 1, '2012710111', 0, 'Đoàn Phước Trung', '0358600444');
insert into customer (id, address, day_of_birth, email, gender, id_card, is_delete, name, phone_number) values (13, 'k62/41 Nguyễn Trường Tộ, Thọ Quang, Sơn Trà, Đà Nẵng', 20/11/1998, 'phucnguyenvan@gmail.com', 1, '201710311', 0, 'Nguyễn Văn Phúc', '07795500444');
insert into customer (id, address, day_of_birth, email, gender, id_card, is_delete, name, phone_number) values (14, 'Lô 111 Khu TĐC Nại Hiên Đông, Nại Hiên, Sơn Trà, Đà Nẵng', 20/11/1994, 'huyngocnguyen@gmail.com', 1, '202010111', 0, 'Nguyễn Ngọc Huy', '0935500000');
insert into customer (id, address, day_of_birth, email, gender, id_card, is_delete, name, phone_number) values (15, 'Lô 1A Bàu Năng, Hải Châu, Đà Nẵng', 20/11/1990, 'congnt@gmail.com', 1, '201710121', 0, 'Nguyễn Thanh Công', '0995500444');
insert into customer (id, address, day_of_birth, email, gender, id_card, is_delete, name, phone_number) values (16, '789 Nguyễn Văn Linh, Thanh Khê Tây, Thanh Khê, Đà Nẵng', 20/11/1993, 'tiennvt@gmail.com', 1, '201510111', 0, 'Nguyễn Vũ Thành Tiến', '0935500444');
insert into customer (id, address, day_of_birth, email, gender, id_card, is_delete, name, phone_number) values (17, '456 Nguyễn Sơn Trà, Hoà Cường Nam, Hải Châu, Đà Nẵng', 20/11/1998, 'truongtanhai@gmail.com', 1, '201710000', 0, 'Trương Tấn Hải', '0907500444');
insert into customer (id, address, day_of_birth, email, gender, id_card, is_delete, name, phone_number) values (18, '123 Hà Huy Tập, Thanh Khê Tây, Thanh Khê, Đà Nẵng', 20/11/1993, 'hungbui@gmail.com', 1, '201799111', 0, 'Bùi Hùng', '0935522444');
insert into customer (id, address, day_of_birth, email, gender, id_card, is_delete, name, phone_number) values (19, '900 Vũ Miên, Hoà Cầm, Hoà Vang, Đà Nẵng', 20/11/2000, 'truongnguyen@gmail.com', 1, '201710888', 0, 'Nguyễn Tấn Trường', '0935111444');
insert into customer (id, address, day_of_birth, email, gender, id_card, is_delete, name, phone_number) values (20, '100 Âu Cơ, Hoà Khánh Nam, Liên Chiểu, Đà Nẵng', 20/11/1991, 'phunguyen@gmail.com', 1, '201710000', 0, 'Nguyễn Văn Phú', '0905500444');
insert into customer (id, address, day_of_birth, email, gender, id_card, is_delete, name, phone_number) values (21, '1075 Nguyễn Tất Thành, Hoà Minh, Liên Chiểu, Đà Nẵng', 20/11/1996, 'thuchuunguyen@gmail.com', 1, '201710411', 0, 'Nguyễn Hữu Thức', '0905500444');
insert into customer (id, address, day_of_birth, email, gender, id_card, is_delete, name, phone_number) values (22, '18 Nguyễn Phước Nguyên, Hoà Minh, Ngũ Hành Sơn, Đà Nẵng', 20/11/2001, 'chibaobui@gmail.com', 1, '201710611', 0, 'Bùi Chí Bảo', '0935777444');
insert into customer (id, address, day_of_birth, email, gender, id_card, is_delete, name, phone_number) values (23, 'Lô 30C Khu TĐC Hoà Liên 1, Hoà Liên, Liên Chiểu, Đà Nẵng', 20/11/2000, 'thuytiendang@gmail.com', 0, '201710111', 0, 'Đặng Thị Thuỷ Tiên', '0935888444');
insert into customer (id, address, day_of_birth, email, gender, id_card, is_delete, name, phone_number) values (24, 'Lô 1A Trần Hưng Đạo, Nại Hiên Đông, Sơn Trà, Đà Nẵng', 20/11/1994, 'duyquyetnguyen@gmail.com', 1, '201710121', 0, 'Nguyễn Duy Quyết', '0935500434');
insert into customer (id, address, day_of_birth, email, gender, id_card, is_delete, name, phone_number) values (25, '333 Ngô Xương Ngập, Hoà Khành Nam, Liên Chiểu, Đà Nẵng', 22/10/1997, 'tanhuannguyen@gmail.com', 1, '201710123', 0, 'Nguyễn Tấn Huân', '0935500222');
insert into customer (id, address, day_of_birth, email, gender, id_card, is_delete, name, phone_number) values (26, '123 Biển Hồ, Lakkonku, Gia Lai', 20/11/2001, 'tyvv@gmail.com', 1, '201710112', 0, 'Võ Văn Tý', '0935520444');
insert into customer (id, address, day_of_birth, email, gender, id_card, is_delete, name, phone_number) values (27, '666 Ngô Quyền, Thọ Quang, Sơn Trà, Đà Nẵng', 20/11/1998, 'trihoangminh@gmail.com', 1, '201710113', 0, 'Hoàng Minh Trí', '0935500441');
insert into customer (id, address, day_of_birth, email, gender, id_card, is_delete, name, phone_number) values (28, '888 Ngô Quyền, Bến Nghé, Quận Nhất, Tp.HCM', 20/5/1993, 'namhuynhvan@gmail.com', 1, '201710138', 0, 'Huỳnh Vân Nam', '0935528444');
insert into customer (id, address, day_of_birth, email, gender, id_card, is_delete, name, phone_number) values (29, '01 Huyền Trân Công Chúa, Ấp Ai Biết, Đức Phổ, Quảng Ngãi', 20/4/1993, 'datpham@gmail.com', 1, '201710139', 0, 'Phạm Đạt', '0935528444');
insert into customer (id, address, day_of_birth, email, gender, id_card, is_delete, name, phone_number) values (30, '111 Chùa Thiên Mụ, Thôn Vỹ Dạ, Đơn Phương, Xứ Huế', 05/09/1993, 'trungthuyenhuynh@gmail.com', 1, '201710140', 0, 'Huỳnh Trung THuyên', '0935529440');
insert into customer (id, address, day_of_birth, email, gender, id_card, is_delete, name, phone_number) values (31, '114 Lý Thái Tổ, Thạc  Gián, Hải Châu 1, Đà Nẵng', 20/11/1993, 'baoanha@gmail.com', 1, '201710141', 0, 'Hà Bảo Ân', '0935530449');


-- add employee

 insert into employee (id, address, day_of_birth, email, gender, id_card, is_delete, name, phone_number) values (1, 'Ngô Quyền, Thọ Quang, Sơn Trà, Đà Nẵng', 20/11/1997, 'daiphanphuoc@gmail.com', 1, '201710111', 0, 'Phan Phước Đại', '0935500444');
insert into employee (id, address, day_of_birth, email, gender, id_card, is_delete, name, phone_number) values (2, '567 Điện Biên Phủ, Thọ Quang, Sơn Trà, Đà Nẵng', 20/11/1997, 'trangtran222@gmail.com', 1, '221710111', 0, 'Trần Thị Đài Trang', '0779555235');
insert into employee (id, address, day_of_birth, email, gender, id_card, is_delete, name, phone_number) values (3, 'k79/40 Dũng Sỹ Thanh Khê, Thanh Khê Tây, Thanh Khê, Đà Nẵng', 01/04/1996, 'vyTTT@gmail.com', 0, '201710111', 0, ' Trần Thị Thuý Vy', '0935023757');
insert into employee (id, address, day_of_birth, email, gender, id_card, is_delete, name, phone_number) values (4, '555 Nguyễn Phan Vinh, Thọ Quang, Sơn Trà, Đà Nẵng', 20/11/1997, 'ledailoi@gmail.com', 1, '201710953', 0, 'Lê Đại Lợi', '0935509474');
insert into employee (id, address, day_of_birth, email, gender, id_card, is_delete, name, phone_number) values (5, 'Lô 11A KDC FPT, Thọ Quang, Sơn Trà, Đà Nẵng', 20/11/1998, 'tutran@gmail.com', 1, '202010111', 0, 'Trần Thị Tứ', '0779500444');
insert into employee (id, address, day_of_birth, email, gender, id_card, is_delete, name, phone_number) values (6, '99 Nguyễn Văn Nguyễn, Thọ Quang, Sơn Trà, Quảng Nam', 20/11/1997, 'baotrannguyen@gmail.com', 1, '201910111', 0, 'Nguyễn Trần Bảo Trân', '0935500888');
insert into employee (id, address, day_of_birth, email, gender, id_card, is_delete, name, phone_number) values (7, '022 Ngô Quyền, Thọ Quang, Sơn Trà, Cam Ranh', 20/11/1989, 'chanhtran@gmail.com', 1, '201719111', 0, 'Trần Văn Chánh', '0779500444');
insert into employee (id, address, day_of_birth, email, gender, id_card, is_delete, name, phone_number) values (8, 'Lô 666 KĐT Nam Hải Vân, Lăng Cô, Xứ Huế', 20/11/2003, 'hatranthithu@gmail.com', 1, '201710221', 0, 'Trần Thị Thu Hà', '0999500444');
insert into employee (id, address, day_of_birth, email, gender, id_card, is_delete, name, phone_number) values (9, '222 Ngô Quyền, Văn Đồn, Sơn Trà, Hải Phòng', 20/11/1997, 'trungnguyen222@gmail.com', 1, '201710111', 0, 'Nguyễn Tấn Trung', '0935520444');
insert into employee (id, address, day_of_birth, email, gender, id_card, is_delete, name, phone_number) values (10, '2 Ngô Quyền, Thọ Quang, Sơn Trà, Bà Rịa Vũng Tàu', 20/11/1997, 'quangnguyen@gmail.com', 1, '2017101211', 0, 'Nguyễn Ngọc Quang', '0935520444');
insert into employee (id, address, day_of_birth, email, gender, id_card, is_delete, name, phone_number) values (11, '112 Nguyễn Sáng, Thọ Quang, Sơn Trà, Đà Nẵng', 20/11/1990, 'nhungnguyen@gmail.com', 1, '201711111', 0, 'Nhung Nguyễn', '0935500444');
insert into employee (id, address, day_of_birth, email, gender, id_card, is_delete, name, phone_number) values (12, '122 Lê Đại Hành, Thọ Quang, Sơn Trà, Đà Nẵng', 20/11/1985, 'trungdp@gmail.com', 1, '2012710111', 0, 'Đoàn Phước Trung', '0358600444');
insert into employee (id, address, day_of_birth, email, gender, id_card, is_delete, name, phone_number) values (13, 'k62/41 Nguyễn Trường Tộ, Thọ Quang, Sơn Trà, Đà Nẵng', 20/11/1998, 'phucnguyenvan@gmail.com', 1, '201710311', 0, 'Nguyễn Văn Phúc', '07795500444');
insert into employee (id, address, day_of_birth, email, gender, id_card, is_delete, name, phone_number) values (14, 'Lô 111 Khu TĐC Nại Hiên Đông, Nại Hiên, Sơn Trà, Đà Nẵng', 20/11/1994, 'huyngocnguyen@gmail.com', 1, '202010111', 0, 'Nguyễn Ngọc Huy', '0935500000');
insert into employee (id, address, day_of_birth, email, gender, id_card, is_delete, name, phone_number) values (15, 'Lô 1A Bàu Năng, Hải Châu, Đà Nẵng', 20/11/1990, 'congnt@gmail.com', 1, '201710121', 0, 'Nguyễn Thanh Công', '0995500444');
insert into employee (id, address, day_of_birth, email, gender, id_card, is_delete, name, phone_number) values (16, '789 Nguyễn Văn Linh, Thanh Khê Tây, Thanh Khê, Đà Nẵng', 20/11/1993, 'tiennvt@gmail.com', 1, '201510111', 0, 'Nguyễn Vũ Thành Tiến', '0935500444');
insert into employee (id, address, day_of_birth, email, gender, id_card, is_delete, name, phone_number) values (17, '456 Nguyễn Sơn Trà, Hoà Cường Nam, Hải Châu, Đà Nẵng', 20/11/1998, 'truongtanhai@gmail.com', 1, '201710000', 0, 'Trương Tấn Hải', '0907500444');
insert into employee (id, address, day_of_birth, email, gender, id_card, is_delete, name, phone_number) values (18, '123 Hà Huy Tập, Thanh Khê Tây, Thanh Khê, Đà Nẵng', 20/11/1993, 'hungbui@gmail.com', 1, '201799111', 0, 'Bùi Hùng', '0935522444');
insert into employee (id, address, day_of_birth, email, gender, id_card, is_delete, name, phone_number) values (19, '900 Vũ Miên, Hoà Cầm, Hoà Vang, Đà Nẵng', 20/11/2000, 'truongnguyen@gmail.com', 1, '201710888', 0, 'Nguyễn Tấn Trường', '0935111444');
insert into employee (id, address, day_of_birth, email, gender, id_card, is_delete, name, phone_number) values (20, '100 Âu Cơ, Hoà Khánh Nam, Liên Chiểu, Đà Nẵng', 20/11/1991, 'phunguyen@gmail.com', 1, '201710000', 0, 'Nguyễn Văn Phú', '0905500444');
insert into employee (id, address, day_of_birth, email, gender, id_card, is_delete, name, phone_number) values (21, '1075 Nguyễn Tất Thành, Hoà Minh, Liên Chiểu, Đà Nẵng', 20/11/1996, 'thuchuunguyen@gmail.com', 1, '201710411', 0, 'Nguyễn Hữu Thức', '0905500444');
insert into employee (id, address, day_of_birth, email, gender, id_card, is_delete, name, phone_number) values (22, '18 Nguyễn Phước Nguyên, Hoà Minh, Ngũ Hành Sơn, Đà Nẵng', 20/11/2001, 'chibaobui@gmail.com', 1, '201710611', 0, 'Bùi Chí Bảo', '0935777444');
insert into employee (id, address, day_of_birth, email, gender, id_card, is_delete, name, phone_number) values (23, 'Lô 30C Khu TĐC Hoà Liên 1, Hoà Liên, Liên Chiểu, Đà Nẵng', 20/11/2000, 'thuytiendang@gmail.com', 0, '201710111', 0, 'Đặng Thị Thuỷ Tiên', '0935888444');
insert into employee (id, address, day_of_birth, email, gender, id_card, is_delete, name, phone_number) values (24, 'Lô 1A Trần Hưng Đạo, Nại Hiên Đông, Sơn Trà, Đà Nẵng', 20/11/1994, 'duyquyetnguyen@gmail.com', 1, '201710121', 0, 'Nguyễn Duy Quyết', '0935500434');
insert into employee (id, address, day_of_birth, email, gender, id_card, is_delete, name, phone_number) values (25, '333 Ngô Xương Ngập, Hoà Khành Nam, Liên Chiểu, Đà Nẵng', 22/10/1997, 'tanhuannguyen@gmail.com', 1, '201710123', 0, 'Nguyễn Tấn Huân', '0935500222');
insert into employee (id, address, day_of_birth, email, gender, id_card, is_delete, name, phone_number) values (26, '123 Biển Hồ, Lakkonku, Gia Lai', 20/11/2001, 'tyvv@gmail.com', 1, '201710112', 0, 'Võ Văn Tý', '0935520444');
insert into employee (id, address, day_of_birth, email, gender, id_card, is_delete, name, phone_number) values (27, '666 Ngô Quyền, Thọ Quang, Sơn Trà, Đà Nẵng', 20/11/1998, 'trihoangminh@gmail.com', 1, '201710113', 0, 'Hoàng Minh Trí', '0935500441');
insert into employee (id, address, day_of_birth, email, gender, id_card, is_delete, name, phone_number) values (28, '888 Ngô Quyền, Bến Nghé, Quận Nhất, Tp.HCM', 20/5/1993, 'namhuynhvan@gmail.com', 1, '201710138', 0, 'Huỳnh Vân Nam', '0935528444');
insert into employee (id, address, day_of_birth, email, gender, id_card, is_delete, name, phone_number) values (29, '01 Huyền Trân Công Chúa, Ấp Ai Biết, Đức Phổ, Quảng Ngãi', 20/4/1993, 'datpham@gmail.com', 1, '201710139', 0, 'Phạm Đạt', '0935528444');
insert into employee (id, address, day_of_birth, email, gender, id_card, is_delete, name, phone_number) values (30, '111 Chùa Thiên Mụ, Thôn Vỹ Dạ, Đơn Phương, Xứ Huế', 05/09/1993, 'trungthuyenhuynh@gmail.com', 1, '201710140', 0, 'Huỳnh Trung THuyên', '0935529440');
insert into employee (id, address, day_of_birth, email, gender, id_card, is_delete, name, phone_number) values (31, '114 Lý Thái Tổ, Thạc  Gián, Hải Châu 1, Đà Nẵng', 20/11/1993, 'baoanha@gmail.com', 1, '201710141', 0, 'Hà Bảo Ân', '0935530449');